date,montant,marchand,categorie
2024-01-05,45.32,Whole Foods Market,Groceries
2024-01-06,12.50,Starbucks Coffee,Dining
2024-01-08,89.99,Shell Gas Station,Transportation
2024-01-10,156.78,Target Store,Shopping
2024-01-12,25.00,Netflix Subscription,Entertainment
2024-01-15,67.45,Amazon.com,Shopping
2024-01-18,8500.00,URGENT-WIRE-TRANSFER-NIGERIA,Transfer
2024-01-19,34.20,Local Restaurant,Dining
2024-01-21,52.00,Electric Company,Utilities
2024-01-23,15.99,Spotify Premium,Entertainment
2024-01-25,123.45,Costco Wholesale,Groceries
2024-01-27,9999.99,Casino Royal VIP,Entertainment
2024-01-28,78.90,CVS Pharmacy,Health
2024-01-30,42.00,AT&T Mobile,Utilities
2024-02-01,95.50,Gym Membership,Health
2024-02-03,250.00,Rent Payment,Housing
2024-02-05,18.75,McDonald's,Dining
2024-02-07,7250.00,CRYPTO-INVEST-NOW!!!,Investment
2024-02-10,65.30,Home Depot,Home Improvement
2024-02-12,31.25,Movie Theater,Entertainment
